{"_runtime":82.807129817,"train/num_eos_max":94,"_timestamp":1.7690492582247868e+09,"_wandb":{"runtime":82},"train/lr(1e-3)":0.0007058823529411764,"train/num_eos_mean":59.34375,"_step":11,"train/loss":NaN,"train/grad_norm":372.57415771484375}