{"_timestamp":1.7690477913342686e+09,"_wandb":{"runtime":20},"train/lr(1e-3)":0.0001176470588235294,"train/loss":NaN,"_step":1,"train/num_eos_mean":54.8125,"train/grad_norm":357.28515625,"train/num_eos_max":94,"_runtime":20.6808021}